cell_name,area,leakage_power,n_inputs,n_outputs,cap1,cap2,cap3,cap4,cap5,delay_p1,ld_s_p1,delay_s_p1,ld_m_p1,delay_m_p1,ld_l_p1,delay_l_p1,delay_p2,ld_s_p2,delay_s_p2,ld_m_p2,delay_m_p2,ld_l_p2,delay_l_p2,delay_p3,ld_s_p3,delay_s_p3,ld_m_p3,delay_m_p3,ld_l_p3,delay_l_p3,delay_p4,ld_s_p4,delay_s_p4,ld_m_p4,delay_m_p4,ld_l_p4,delay_l_p4,delay_p5,ld_s_p5,delay_s_p5,ld_m_p5,delay_m_p5,ld_l_p5,delay_l_p5,delay_all,delay_avg
AO211x2_ASAP7_75t_R,3.732,2513.770,4,1,0.606,0.620,0.566,0.566,0.000,30.998,1.747,37.336,1.753,45.605,1.776,61.345,31.779,1.785,37.277,1.795,44.389,1.819,58.564,28.650,1.622,35.682,1.629,44.669,1.651,61.667,26.565,1.620,33.828,1.627,42.676,1.646,59.378,0.000,0.000,0.000,0.000,0.000,0.000,0.000,117.992,29.498
AO21x1_ASAP7_75t_R,1.400,1595.550,3,1,0.381,0.375,0.382,0.000,0.000,25.353,2.162,30.485,2.172,37.445,2.194,50.593,24.520,2.132,29.783,2.139,36.720,2.158,49.766,24.734,2.165,30.321,2.174,37.325,2.196,50.605,0.000,0.000,0.000,0.000,0.000,0.000,0.000,0.000,0.000,0.000,0.000,0.000,0.000,0.000,74.607,24.869
AO21x2_ASAP7_75t_R,1.633,2239.390,3,1,0.381,0.375,0.381,0.000,0.000,25.353,1.090,32.918,1.094,41.469,1.107,57.760,24.520,1.075,32.704,1.078,41.629,1.090,58.279,24.734,1.088,32.020,1.091,40.348,1.104,56.261,0.000,0.000,0.000,0.000,0.000,0.000,0.000,0.000,0.000,0.000,0.000,0.000,0.000,0.000,74.607,24.869
AO221x1_ASAP7_75t_R,2.333,1552.630,5,1,0.322,0.315,0.336,0.324,0.323,35.575,1.854,39.960,1.861,48.482,1.887,64.928,36.276,1.817,39.894,1.824,47.366,1.849,62.405,31.411,1.933,36.478,1.943,45.295,1.970,62.021,31.934,1.870,36.277,1.879,44.548,1.902,60.694,31.226,1.854,36.578,1.861,45.176,1.883,61.803,166.422,33.284
AO221x2_ASAP7_75t_R,2.566,2148.910,5,1,0.322,0.315,0.336,0.324,0.323,35.575,0.942,44.260,0.944,53.788,0.958,73.024,36.276,0.924,44.189,0.926,52.405,0.939,69.718,31.411,0.982,40.947,0.986,51.612,0.999,72.286,31.934,0.950,40.676,0.952,50.346,0.966,69.844,31.226,0.939,39.981,0.941,49.906,0.954,69.467,166.422,33.284
AO222x2_ASAP7_75t_R,5.132,3577.280,6,1,0.605,0.592,0.631,0.607,0.641,38.154,1.760,44.909,1.764,54.457,1.789,73.617,38.678,1.722,44.590,1.728,52.741,1.752,69.560,35.672,1.831,42.592,1.838,52.275,1.865,71.431,36.037,1.761,42.145,1.768,50.645,1.794,68.011,31.502,1.855,38.772,1.864,48.402,1.892,66.761,211.923,35.320
AO22x1_ASAP7_75t_R,2.100,1510.100,4,1,0.287,0.288,0.287,0.278,0.000,29.409,1.643,35.487,1.648,43.420,1.670,59.019,28.738,1.651,35.470,1.658,44.029,1.679,60.418,27.921,1.644,34.568,1.651,43.181,1.673,59.594,26.926,1.590,34.136,1.599,43.101,1.619,59.874,0.000,0.000,0.000,0.000,0.000,0.000,0.000,112.993,28.248
AO22x2_ASAP7_75t_R,2.333,2634.720,4,1,0.380,0.385,0.381,0.375,0.000,29.409,1.093,35.709,1.096,43.968,1.111,60.343,28.738,1.106,35.736,1.111,44.739,1.126,62.021,27.921,1.096,34.805,1.100,43.825,1.114,61.249,26.926,1.078,34.570,1.083,44.123,1.097,61.979,0.000,0.000,0.000,0.000,0.000,0.000,0.000,112.993,28.248
AO31x2_ASAP7_75t_R,3.732,2994.600,4,1,0.739,0.745,0.733,0.575,0.000,26.155,2.111,32.189,2.121,39.213,2.144,52.673,27.654,2.126,33.276,2.136,40.108,2.162,53.477,28.327,2.094,33.513,2.103,39.994,2.129,52.570,26.664,1.647,34.501,1.654,44.293,1.677,62.595,0.000,0.000,0.000,0.000,0.000,0.000,0.000,108.801,27.200
AO322x2_ASAP7_75t_R,3.499,2678.220,7,1,0.384,0.375,0.359,0.335,0.318,41.750,1.131,48.115,1.134,57.503,1.149,76.845,43.443,1.108,49.226,1.110,57.678,1.125,75.816,44.561,1.062,49.694,1.063,57.184,1.077,73.353,41.717,0.994,48.817,0.995,59.679,1.010,82.451,42.133,0.943,48.444,0.945,57.976,0.959,78.731,290.485,41.498
AO32x1_ASAP7_75t_R,1.866,1602.640,5,1,0.334,0.320,0.329,0.281,0.283,32.211,1.917,36.623,1.927,44.789,1.953,60.695,33.860,1.844,37.863,1.851,45.824,1.876,61.583,35.497,1.894,38.965,1.901,46.427,1.927,61.549,32.308,1.620,37.721,1.627,47.840,1.651,67.082,33.198,1.631,37.884,1.637,47.378,1.661,65.925,167.074,33.415
AO32x2_ASAP7_75t_R,2.100,2389.400,5,1,0.334,0.320,0.328,0.281,0.283,32.211,0.974,41.077,0.976,50.748,0.990,69.981,33.860,0.936,42.199,0.939,51.263,0.952,70.064,35.497,0.960,43.168,0.963,51.442,0.976,69.058,32.308,0.823,42.555,0.825,54.248,0.838,77.579,33.198,0.828,42.592,0.831,53.211,0.843,75.357,167.074,33.415
AO331x1_ASAP7_75t_R,2.333,1786.990,7,1,0.373,0.367,0.365,0.372,0.367,39.625,2.178,44.222,2.184,52.860,2.218,69.784,41.418,2.147,45.338,2.154,53.250,2.185,69.261,42.774,2.136,46.116,2.142,53.121,2.172,67.587,37.042,2.162,41.685,2.172,50.475,2.205,67.971,38.739,2.135,42.871,2.144,51.082,2.175,68.079,272.022,38.860
AO331x2_ASAP7_75t_R,2.566,2434.900,7,1,0.373,0.367,0.364,0.372,0.367,39.625,1.107,47.930,1.109,57.341,1.125,76.719,41.418,1.092,49.079,1.093,57.544,1.108,75.637,42.774,1.084,49.735,1.086,57.243,1.101,73.430,37.042,1.100,45.520,1.103,55.363,1.119,75.667,38.739,1.085,46.637,1.088,55.706,1.105,75.099,272.022,38.860
AO332x1_ASAP7_75t_R,2.566,2160.350,8,1,0.371,0.368,0.365,0.374,0.368,43.688,2.182,48.394,2.186,57.630,2.217,76.119,45.417,2.164,49.520,2.169,57.889,2.199,75.290,46.801,2.154,50.190,2.158,57.633,2.187,73.267,40.873,2.191,45.791,2.198,55.216,2.234,74.277,42.525,2.157,46.812,2.164,55.647,2.197,74.089,336.849,42.106
AO332x2_ASAP7_75t_R,2.799,2905.570,8,1,0.371,0.368,0.365,0.374,0.368,43.688,1.109,51.987,1.110,61.811,1.125,82.426,45.417,1.101,53.082,1.102,61.854,1.117,81.060,46.801,1.093,53.833,1.096,61.470,1.110,78.540,40.873,1.114,49.371,1.117,59.658,1.135,81.355,42.525,1.098,50.382,1.099,59.808,1.116,80.538,336.849,42.106
AO333x1_ASAP7_75t_R,2.799,2213.290,9,1,0.371,0.366,0.363,0.364,0.366,47.511,2.200,52.197,2.202,61.866,2.235,81.591,49.207,2.167,53.358,2.171,61.965,2.200,80.469,50.634,2.154,53.968,2.161,61.552,2.188,78.179,47.538,2.155,51.305,2.160,59.560,2.191,77.847,46.349,2.162,50.724,2.168,59.881,2.201,79.693,410.866,45.652
AO333x2_ASAP7_75t_R,3.033,3007.130,9,1,0.371,0.365,0.373,0.364,0.366,47.511,1.118,55.944,1.120,65.994,1.134,87.859,49.207,1.101,56.945,1.103,65.937,1.116,86.105,50.634,1.127,57.795,1.129,65.685,1.143,83.571,47.538,1.097,54.829,1.098,63.475,1.114,83.440,46.349,1.101,54.278,1.103,63.892,1.118,85.803,410.866,45.652
AO33x2_ASAP7_75t_R,2.333,2544.520,6,1,0.328,0.321,0.330,0.328,0.324,38.094,0.967,45.118,0.969,55.343,0.984,76.352,39.774,0.948,46.202,0.951,55.732,0.965,75.979,41.441,0.977,47.147,0.979,55.767,0.993,74.605,35.831,0.966,43.466,0.968,54.684,0.983,77.329,37.540,0.956,44.620,0.958,55.241,0.972,77.492,231.654,38.609
AOI211x1_ASAP7_75t_R,2.799,1473.650,4,1,0.589,0.593,0.599,0.610,0.000,25.998,5.392,32.591,5.476,37.853,5.913,48.246,25.567,5.435,32.966,5.527,39.132,6.054,50.185,22.934,4.334,27.568,4.496,32.969,5.190,44.123,22.592,4.432,26.141,4.619,31.385,5.408,42.064,0.000,0.000,0.000,0.000,0.000,0.000,0.000,97.090,24.272
AOI211xp5_ASAP7_75t_R,1.400,764.907,4,1,0.324,0.334,0.325,0.327,0.000,25.998,5.229,29.802,5.363,35.241,6.015,46.080,25.567,5.406,29.847,5.578,35.199,6.376,46.149,22.934,4.313,29.298,4.481,35.155,5.224,47.227,22.592,4.332,29.929,4.479,35.700,5.153,47.101,0.000,0.000,0.000,0.000,0.000,0.000,0.000,97.090,24.272
AOI21x1_ASAP7_75t_R,1.866,1808.760,3,1,0.782,0.724,0.716,0.000,0.000,20.714,4.291,24.505,4.538,29.039,5.507,38.600,21.035,3.944,24.364,4.130,28.848,4.879,38.229,18.212,3.668,23.112,3.927,28.286,4.952,39.265,0.000,0.000,0.000,0.000,0.000,0.000,0.000,0.000,0.000,0.000,0.000,0.000,0.000,0.000,59.961,19.987
AOI21xp33_ASAP7_75t_R,1.166,640.817,3,1,0.289,0.288,0.289,0.000,0.000,20.714,4.812,25.851,5.190,30.695,6.630,41.537,21.035,4.744,26.559,5.055,31.398,6.247,41.873,18.212,4.032,23.006,4.499,28.251,6.097,39.877,0.000,0.000,0.000,0.000,0.000,0.000,0.000,0.000,0.000,0.000,0.000,0.000,0.000,0.000,59.961,19.987
AOI21xp5_ASAP7_75t_R,1.166,904.380,3,1,0.385,0.382,0.341,0.000,0.000,20.714,4.224,24.149,4.470,28.588,5.432,38.074,21.035,4.162,24.820,4.362,29.345,5.156,38.722,18.212,3.499,22.587,3.745,27.681,4.721,38.505,0.000,0.000,0.000,0.000,0.000,0.000,0.000,0.000,0.000,0.000,0.000,0.000,0.000,0.000,59.961,19.987
AOI221x1_ASAP7_75t_R,3.266,1776.610,5,1,0.591,0.586,0.597,0.589,0.567,28.534,5.412,34.921,5.492,41.961,5.981,54.201,29.043,5.371,34.510,5.444,40.533,5.852,51.821,25.730,5.468,32.515,5.585,38.573,6.183,50.454,25.934,5.390,32.173,5.493,37.632,5.990,48.884,23.386,4.788,29.077,4.935,35.056,5.616,47.225,132.627,26.525
AOI221xp5_ASAP7_75t_R,1.633,956.355,5,1,0.319,0.316,0.336,0.324,0.323,28.534,5.144,34.355,5.242,40.815,5.799,52.996,29.043,5.096,34.177,5.180,39.961,5.631,51.474,25.730,5.432,30.962,5.594,36.770,6.367,48.893,25.934,5.236,30.506,5.362,36.407,5.994,48.070,23.386,4.287,29.993,4.450,36.188,5.171,48.955,132.627,26.525
AOI222xp33_ASAP7_75t_R,2.333,1197.070,6,1,0.337,0.326,0.324,0.322,0.323,26.309,5.566,32.143,5.932,38.825,7.534,53.927,26.375,5.358,31.829,5.645,38.329,6.931,52.541,29.108,5.299,35.194,5.579,42.146,6.906,57.472,29.715,5.252,35.138,5.484,41.642,6.565,55.917,31.026,5.258,37.345,5.461,44.587,6.591,59.498,174.215,29.036
AOI22x1_ASAP7_75t_R,2.333,2312.950,4,1,0.735,0.865,0.721,0.779,0.000,22.707,4.004,26.236,4.188,31.889,5.010,43.101,22.621,4.737,27.675,5.010,33.192,6.151,45.231,21.953,3.913,27.734,4.065,33.324,4.757,44.513,21.465,4.243,28.212,4.451,33.899,5.342,45.709,0.000,0.000,0.000,0.000,0.000,0.000,0.000,88.746,22.186
AOI22xp33_ASAP7_75t_R,1.400,770.985,4,1,0.287,0.284,0.281,0.278,0.000,22.707,4.702,29.372,4.963,35.050,6.072,47.182,22.621,4.673,28.789,5.001,34.667,6.319,47.291,21.953,4.641,27.473,4.954,33.197,6.226,45.431,21.465,4.626,26.444,5.007,32.011,6.502,44.698,0.000,0.000,0.000,0.000,0.000,0.000,0.000,88.746,22.186
AOI22xp5_ASAP7_75t_R,1.400,1156.480,4,1,0.380,0.375,0.375,0.376,0.000,22.707,4.120,27.739,4.294,33.116,5.025,44.265,22.621,4.091,27.148,4.295,32.699,5.165,44.143,21.953,4.093,25.909,4.286,31.348,5.134,42.449,21.465,4.118,25.126,4.360,30.264,5.365,41.655,0.000,0.000,0.000,0.000,0.000,0.000,0.000,88.746,22.186
AOI311xp33_ASAP7_75t_R,1.633,821.077,5,1,0.372,0.366,0.370,0.330,0.340,27.652,6.068,32.446,6.415,37.655,7.858,49.053,29.149,5.927,33.648,6.210,38.813,7.403,49.919,30.359,5.969,34.628,6.190,39.438,7.181,49.667,23.695,4.519,28.845,4.918,35.029,6.356,48.843,22.492,4.686,27.839,5.155,34.034,6.821,48.110,133.346,26.669
AOI31xp33_ASAP7_75t_R,1.400,678.138,4,1,0.325,0.322,0.317,0.285,0.000,23.348,5.356,27.003,5.774,31.715,7.331,42.425,24.612,5.258,28.975,5.595,33.895,6.907,44.668,25.274,5.117,29.902,5.380,34.925,6.452,45.360,20.686,3.954,25.141,4.371,31.272,5.857,44.839,0.000,0.000,0.000,0.000,0.000,0.000,0.000,93.920,23.480
AOI31xp67_ASAP7_75t_R,3.033,1643.420,4,1,0.757,0.742,0.733,0.575,0.000,23.348,5.009,28.183,5.472,33.653,7.183,45.719,24.612,4.871,29.135,5.253,34.518,6.689,46.314,25.274,4.786,29.382,5.087,34.526,6.282,45.625,20.686,4.064,27.650,4.429,34.836,5.921,50.470,0.000,0.000,0.000,0.000,0.000,0.000,0.000,93.920,23.480
AOI321xp33_ASAP7_75t_R,1.866,1013.210,6,1,0.368,0.363,0.370,0.326,0.337,30.553,5.957,35.969,6.245,42.141,7.565,55.267,31.964,5.844,37.016,6.074,42.904,7.158,55.461,33.383,5.953,37.934,6.138,43.380,7.046,54.871,26.938,5.367,32.389,5.644,39.007,6.911,53.635,26.900,5.577,32.754,5.937,39.555,7.517,55.146,175.894,29.316
AOI322xp5_ASAP7_75t_R,2.100,1268.190,7,1,0.374,0.368,0.365,0.323,0.319,31.316,5.967,37.371,6.089,44.138,6.774,57.848,32.728,5.857,38.225,5.962,44.936,6.530,58.425,33.720,5.807,38.746,5.884,45.099,6.349,57.837,34.004,5.220,40.631,5.279,49.023,5.750,64.567,34.508,5.145,40.309,5.200,47.588,5.584,61.814,222.061,31.723
AOI32xp33_ASAP7_75t_R,1.633,815.891,5,1,0.342,0.332,0.325,0.275,0.287,26.697,5.568,31.917,5.926,37.841,7.420,51.151,28.068,5.379,33.259,5.670,39.181,6.911,52.163,28.766,5.237,33.722,5.446,39.668,6.443,52.062,24.405,4.531,30.199,4.775,37.125,5.905,51.732,24.411,4.764,30.408,5.085,37.376,6.493,52.842,132.347,26.469
AOI331xp33_ASAP7_75t_R,2.100,1139.070,7,1,0.377,0.375,0.368,0.373,0.368,33.842,6.170,40.079,6.390,47.347,7.616,62.383,35.472,6.124,41.122,6.305,47.946,7.323,62.063,36.302,5.998,41.362,6.140,47.609,6.961,60.201,30.914,6.102,36.536,6.426,43.209,7.878,58.450,32.483,6.014,37.723,6.274,44.359,7.487,58.926,227.645,32.521
AOI332xp33_ASAP7_75t_R,2.333,1415.130,8,1,0.369,0.365,0.360,0.374,0.368,36.666,5.962,42.955,6.133,50.889,7.253,67.187,38.141,5.889,43.895,6.038,51.167,6.953,66.504,39.050,5.800,44.126,5.910,50.754,6.648,64.377,33.928,6.064,40.041,6.322,47.750,7.670,64.620,35.260,5.944,40.801,6.155,48.248,7.258,64.438,277.773,34.722
AOI333xp33_ASAP7_75t_R,2.566,1419.450,9,1,0.384,0.374,0.369,0.375,0.368,32.517,6.286,38.814,6.563,47.294,8.056,66.034,33.574,6.101,39.435,6.312,47.732,7.529,65.858,34.429,5.992,39.939,6.148,47.819,7.141,64.905,37.096,6.055,43.485,6.262,51.941,7.508,70.303,38.422,5.937,44.290,6.109,52.235,7.124,69.668,338.974,37.664
AOI33xp33_ASAP7_75t_R,1.866,859.882,6,1,0.331,0.349,0.323,0.334,0.320,31.749,5.321,36.947,5.493,43.618,6.430,57.502,31.372,5.634,36.999,5.878,43.960,7.072,58.823,28.608,5.235,34.602,5.513,41.509,6.816,56.591,26.523,5.482,32.282,5.834,39.268,7.408,54.842,27.548,5.222,33.186,5.491,40.361,6.779,55.720,174.518,29.086
OA211x2_ASAP7_75t_R,1.866,2244.700,4,1,0.321,0.331,0.271,0.270,0.000,31.527,0.932,38.256,0.936,47.499,0.948,65.552,30.730,0.961,38.216,0.964,48.376,0.976,67.899,34.543,0.791,42.254,0.793,53.711,0.804,77.387,35.828,0.790,43.149,0.792,53.990,0.802,77.188,0.000,0.000,0.000,0.000,0.000,0.000,0.000,132.628,33.157
OA21x2_ASAP7_75t_R,1.633,2495.650,3,1,0.394,0.375,0.383,0.000,0.000,26.591,1.130,33.319,1.134,41.690,1.147,57.850,25.587,1.075,32.895,1.078,41.854,1.090,58.627,23.787,1.090,30.829,1.093,39.415,1.107,55.594,0.000,0.000,0.000,0.000,0.000,0.000,0.000,0.000,0.000,0.000,0.000,0.000,0.000,0.000,75.965,25.322
OA221x2_ASAP7_75t_R,3.732,2956.920,5,1,0.582,0.589,0.612,0.625,0.547,37.936,1.697,43.647,1.701,51.840,1.723,69.030,37.358,1.717,43.785,1.720,53.239,1.742,73.017,34.832,1.781,40.885,1.789,49.319,1.814,66.438,34.339,1.818,41.162,1.825,50.787,1.853,69.785,29.262,1.577,37.191,1.584,47.654,1.611,67.383,173.726,34.745
OA222x2_ASAP7_75t_R,2.799,2877.230,6,1,0.383,0.372,0.372,0.367,0.372,33.050,1.119,40.714,1.123,51.457,1.141,72.292,33.984,1.087,40.916,1.091,50.807,1.108,70.540,35.210,1.087,42.294,1.091,52.528,1.109,72.897,36.306,1.076,42.662,1.080,51.799,1.097,70.688,36.790,1.090,43.344,1.093,52.847,1.110,72.255,213.503,35.584
OA22x2_ASAP7_75t_R,2.333,2555.840,4,1,0.394,0.457,0.371,0.374,0.000,28.785,1.134,35.749,1.140,44.802,1.155,62.310,28.832,1.316,36.440,1.321,46.251,1.341,64.642,30.078,1.072,36.362,1.076,44.824,1.091,61.602,29.203,1.080,36.205,1.083,45.653,1.097,63.835,0.000,0.000,0.000,0.000,0.000,0.000,0.000,116.899,29.225
OA31x2_ASAP7_75t_R,3.499,2575.940,4,1,0.605,0.604,0.621,0.329,0.000,32.407,1.747,38.740,1.755,47.134,1.779,63.625,30.975,1.741,37.623,1.749,46.285,1.774,63.061,28.842,1.787,35.804,1.796,44.459,1.817,60.950,32.350,0.961,40.276,0.964,51.693,0.983,74.895,0.000,0.000,0.000,0.000,0.000,0.000,0.000,124.573,31.143
OA331x1_ASAP7_75t_R,2.333,1943.110,7,1,0.370,0.362,0.362,0.373,0.367,39.749,2.174,44.072,2.178,52.979,2.210,71.185,41.587,2.128,45.351,2.134,53.315,2.164,70.145,42.807,2.133,46.043,2.138,53.067,2.169,67.902,36.589,2.181,41.328,2.189,50.423,2.221,68.534,38.438,2.147,42.605,2.156,51.006,2.188,68.321,267.503,38.215
OA331x2_ASAP7_75t_R,2.566,2710.020,7,1,0.370,0.362,0.362,0.372,0.367,39.749,1.104,47.804,1.106,57.302,1.121,77.870,41.587,1.081,49.059,1.084,57.475,1.098,76.278,42.807,1.084,49.731,1.086,57.163,1.101,73.609,36.589,1.107,45.110,1.110,55.194,1.127,76.259,38.438,1.092,46.348,1.094,55.519,1.111,75.249,267.503,38.215
OA332x1_ASAP7_75t_R,2.566,2199.980,8,1,0.370,0.368,0.365,0.373,0.368,43.606,2.199,48.135,2.203,57.455,2.237,77.140,45.494,2.185,49.405,2.191,57.746,2.223,75.850,46.698,2.174,50.070,2.180,57.387,2.211,73.320,40.505,2.208,45.484,2.214,55.302,2.250,75.284,42.338,2.176,46.661,2.182,55.613,2.217,74.542,331.445,41.431
OA332x2_ASAP7_75t_R,2.799,2869.800,8,1,0.370,0.368,0.365,0.373,0.367,43.606,1.118,51.618,1.120,61.336,1.135,83.223,45.494,1.110,52.918,1.113,61.584,1.128,81.380,46.698,1.104,53.580,1.106,61.207,1.122,78.484,40.505,1.122,49.013,1.124,59.525,1.142,82.203,42.338,1.106,50.201,1.108,59.748,1.125,80.778,331.445,41.431
OA333x1_ASAP7_75t_R,2.799,2211.750,9,1,0.384,0.374,0.369,0.374,0.368,39.654,2.292,45.352,2.298,56.097,2.336,77.704,41.312,2.235,46.347,2.242,56.350,2.279,77.014,42.304,2.208,46.824,2.214,56.018,2.250,75.179,43.818,2.238,48.899,2.243,59.152,2.280,80.758,45.653,2.206,50.049,2.210,59.437,2.246,79.636,405.437,45.049
OA333x2_ASAP7_75t_R,3.033,2833.000,9,1,0.384,0.374,0.369,0.374,0.368,39.654,1.165,48.797,1.167,60.433,1.184,84.924,41.312,1.137,49.878,1.139,60.540,1.156,83.590,42.304,1.123,50.348,1.125,60.089,1.141,81.274,43.818,1.138,52.293,1.140,63.119,1.156,87.145,45.653,1.121,53.504,1.123,63.294,1.140,85.493,405.437,45.049
OA33x2_ASAP7_75t_R,2.333,2348.920,6,1,0.375,0.366,0.372,0.373,0.371,39.302,1.111,44.970,1.114,53.035,1.129,70.128,38.181,1.085,44.365,1.087,53.453,1.103,72.691,36.639,1.103,43.438,1.105,53.482,1.120,74.259,35.649,1.102,42.057,1.105,51.005,1.121,69.037,34.711,1.096,41.669,1.098,51.428,1.114,71.165,217.631,36.272
OAI211xp5_ASAP7_75t_R,1.400,632.746,4,1,0.321,0.331,0.321,0.323,0.000,24.187,5.138,29.572,5.287,34.849,5.972,45.664,23.811,5.298,29.679,5.471,35.094,6.274,46.139,20.907,3.624,26.778,3.797,32.996,4.568,45.083,21.563,3.635,27.365,3.775,33.644,4.451,45.606,0.000,0.000,0.000,0.000,0.000,0.000,0.000,90.467,22.617
OAI21x1_ASAP7_75t_R,1.866,1909.200,3,1,0.781,0.724,0.808,0.000,0.000,21.020,4.267,24.990,4.490,29.735,5.423,39.406,20.064,3.938,24.620,4.122,29.277,4.870,38.704,17.143,3.205,20.660,3.533,25.560,4.760,36.341,0.000,0.000,0.000,0.000,0.000,0.000,0.000,0.000,0.000,0.000,0.000,0.000,0.000,0.000,58.227,19.409
OAI21xp33_ASAP7_75t_R,1.166,636.055,3,1,0.296,0.278,0.276,0.000,0.000,21.020,4.920,26.479,5.305,31.573,6.763,42.736,20.064,4.647,24.786,5.055,29.652,6.624,40.835,17.143,3.290,22.730,3.670,28.331,5.043,40.029,0.000,0.000,0.000,0.000,0.000,0.000,0.000,0.000,0.000,0.000,0.000,0.000,0.000,0.000,58.227,19.409
OAI21xp5_ASAP7_75t_R,1.166,954.082,3,1,0.394,0.375,0.371,0.000,0.000,21.020,4.314,24.829,4.558,29.519,5.525,39.436,20.064,4.126,23.438,4.391,27.961,5.440,37.656,17.143,2.905,21.582,3.151,26.893,4.115,37.513,0.000,0.000,0.000,0.000,0.000,0.000,0.000,0.000,0.000,0.000,0.000,0.000,0.000,0.000,58.227,19.409
OAI221xp5_ASAP7_75t_R,1.633,820.424,5,1,0.315,0.313,0.333,0.322,0.320,28.044,5.022,33.945,5.103,41.122,5.615,54.026,28.693,4.980,33.929,5.060,40.227,5.506,52.125,24.462,5.325,30.649,5.487,36.762,6.262,48.933,24.577,5.140,30.285,5.281,36.037,5.943,47.924,21.236,3.601,27.481,3.766,34.012,4.513,46.907,127.011,25.402
OAI222xp33_ASAP7_75t_R,2.333,1382.960,6,1,0.383,0.372,0.372,0.367,0.372,25.347,5.034,31.595,5.437,39.074,7.198,55.590,25.866,4.869,31.711,5.195,38.889,6.649,54.590,27.420,4.837,33.550,5.157,40.980,6.630,56.895,28.246,4.766,33.860,5.036,40.767,6.256,55.780,29.012,4.811,35.069,5.059,42.293,6.307,57.561,166.015,27.669
OAI22x1_ASAP7_75t_R,2.333,2409.110,4,1,0.736,0.864,0.721,0.778,0.000,21.358,4.019,26.004,4.217,31.554,5.065,43.237,21.386,4.732,27.674,4.998,33.272,6.137,45.432,23.034,3.906,27.596,4.061,33.109,4.751,44.534,22.499,4.230,28.212,4.414,34.130,5.272,46.024,0.000,0.000,0.000,0.000,0.000,0.000,0.000,88.276,22.069
OAI22xp33_ASAP7_75t_R,1.400,803.037,4,1,0.281,0.279,0.280,0.277,0.000,21.358,4.659,27.250,4.986,32.973,6.299,45.550,21.386,4.645,26.540,5.017,32.231,6.517,45.105,23.034,4.595,29.053,4.853,34.747,5.934,46.844,22.499,4.552,28.544,4.835,34.569,6.085,47.115,0.000,0.000,0.000,0.000,0.000,0.000,0.000,88.276,22.069
OAI22xp5_ASAP7_75t_R,1.400,1204.550,4,1,0.376,0.385,0.374,0.374,0.000,21.358,4.106,25.726,4.315,31.115,5.191,42.581,21.386,4.217,25.443,4.461,30.831,5.485,42.422,23.034,4.058,27.568,4.222,33.000,4.946,44.213,22.499,4.063,27.225,4.247,33.008,5.082,44.404,0.000,0.000,0.000,0.000,0.000,0.000,0.000,88.276,22.069
OAI311xp33_ASAP7_75t_R,1.633,710.803,5,1,0.371,0.366,0.370,0.326,0.337,27.971,6.025,32.886,6.325,38.387,7.692,50.147,29.550,5.912,34.054,6.168,39.242,7.314,50.625,30.550,5.968,34.755,6.186,39.560,7.171,49.886,20.580,3.829,25.934,4.232,32.482,5.743,46.704,19.725,4.000,25.009,4.487,31.438,6.274,46.001,128.377,25.675
OAI31xp33_ASAP7_75t_R,1.400,737.512,4,1,0.328,0.325,0.320,0.285,0.000,23.881,5.434,27.438,5.817,32.249,7.322,42.848,25.431,5.367,29.276,5.690,34.138,6.976,45.001,25.916,5.245,29.997,5.503,34.832,6.590,44.970,19.223,3.460,22.917,3.897,29.183,5.479,43.067,0.000,0.000,0.000,0.000,0.000,0.000,0.000,94.451,23.613
OAI31xp67_ASAP7_75t_R,3.033,1395.620,4,1,0.749,0.734,0.724,0.554,0.000,23.881,5.389,29.115,5.800,34.486,7.418,46.146,25.431,5.254,30.117,5.620,35.281,6.979,46.816,25.916,5.171,30.402,5.474,35.234,6.643,45.672,19.223,4.055,26.950,4.415,34.232,5.829,49.930,0.000,0.000,0.000,0.000,0.000,0.000,0.000,94.451,23.613
OAI321xp33_ASAP7_75t_R,1.866,927.588,6,1,0.368,0.362,0.370,0.323,0.334,30.714,5.931,36.052,6.163,42.604,7.398,56.120,32.268,5.832,37.173,6.037,43.208,7.073,56.175,33.435,5.952,37.990,6.128,43.425,7.036,55.068,25.965,5.297,31.643,5.593,38.354,6.907,53.279,25.879,5.489,32.083,5.839,39.139,7.400,54.982,170.831,28.472
OAI322xp33_ASAP7_75t_R,2.100,1213.920,7,1,0.374,0.368,0.365,0.320,0.316,31.106,6.036,36.926,6.313,44.059,7.731,59.347,32.607,5.932,38.008,6.180,44.691,7.382,59.525,33.402,5.876,38.491,6.078,44.672,7.117,58.164,33.403,5.145,39.875,5.270,48.551,6.185,66.281,33.998,5.081,39.716,5.199,47.344,5.985,63.101,218.315,31.188
OAI32xp33_ASAP7_75t_R,1.633,938.736,5,1,0.354,0.336,0.328,0.275,0.287,27.456,5.807,32.704,6.137,38.822,7.613,52.187,28.443,5.497,33.478,5.774,39.372,6.974,52.396,28.981,5.351,33.846,5.568,39.420,6.590,51.481,23.938,4.561,29.801,4.823,36.698,5.999,51.528,23.835,4.773,30.093,5.087,37.213,6.488,52.972,132.653,26.531
OAI331xp33_ASAP7_75t_R,2.100,1176.200,7,1,0.368,0.365,0.359,0.373,0.367,32.833,5.956,38.706,6.127,46.304,7.229,61.784,34.567,5.894,39.837,6.057,46.673,6.994,61.281,35.272,5.806,40.098,5.942,46.163,6.733,59.162,29.693,6.086,35.474,6.377,42.410,7.791,57.722,31.191,5.977,36.523,6.235,43.064,7.432,57.927,216.360,30.909
OAI332xp33_ASAP7_75t_R,2.333,1530.160,8,1,0.368,0.365,0.360,0.373,0.368,36.489,5.930,42.548,6.060,50.773,7.048,68.039,38.123,5.877,43.629,6.004,51.037,6.852,67.110,38.863,5.794,43.811,5.899,50.347,6.617,64.509,33.048,6.061,39.354,6.283,47.358,7.566,64.685,34.579,5.965,40.290,6.167,47.631,7.253,64.240,269.483,33.685
OAI333xp33_ASAP7_75t_R,2.566,1590.500,9,1,0.384,0.374,0.369,0.374,0.368,31.645,6.310,38.481,6.566,47.045,8.022,66.455,32.987,6.149,39.062,6.369,47.233,7.609,65.737,34.027,6.056,39.309,6.234,47.029,7.303,64.142,36.374,6.062,42.520,6.227,51.376,7.396,70.315,37.883,5.965,43.377,6.123,51.482,7.116,69.470,335.336,37.260
OAI33xp33_ASAP7_75t_R,2.566,1590.500,9,1,0.379,0.373,0.380,0.375,0.368,31.645,6.223,39.098,6.459,47.928,7.865,67.738,32.987,6.118,39.952,6.326,48.286,7.535,67.129,34.027,6.230,40.805,6.403,48.706,7.479,66.234,36.374,6.072,43.385,6.225,52.441,7.369,71.764,37.883,5.959,44.202,6.107,52.483,7.078,70.797,335.336,37.260
BUFx10_ASAP7_75t_R,3.266,8486.600,1,1,0.766,0.000,0.000,0.000,0.000,28.303,0.444,32.416,0.445,43.542,0.453,64.220,0.000,0.000,0.000,0.000,0.000,0.000,0.000,0.000,0.000,0.000,0.000,0.000,0.000,0.000,0.000,0.000,0.000,0.000,0.000,0.000,0.000,0.000,0.000,0.000,0.000,0.000,0.000,0.000,28.303,28.303
BUFx12_ASAP7_75t_R,3.732,9901.060,1,1,0.768,0.000,0.000,0.000,0.000,28.303,0.368,35.916,0.368,48.170,0.371,71.562,0.000,0.000,0.000,0.000,0.000,0.000,0.000,0.000,0.000,0.000,0.000,0.000,0.000,0.000,0.000,0.000,0.000,0.000,0.000,0.000,0.000,0.000,0.000,0.000,0.000,0.000,0.000,0.000,28.303,28.303
BUFx12f_ASAP7_75t_R,4.199,11315.400,1,1,1.477,0.000,0.000,0.000,0.000,28.303,0.703,28.249,0.704,37.200,0.707,53.743,0.000,0.000,0.000,0.000,0.000,0.000,0.000,0.000,0.000,0.000,0.000,0.000,0.000,0.000,0.000,0.000,0.000,0.000,0.000,0.000,0.000,0.000,0.000,0.000,0.000,0.000,0.000,0.000,28.303,28.303
BUFx16f_ASAP7_75t_R,5.132,14144.300,1,1,1.484,0.000,0.000,0.000,0.000,28.303,0.535,30.312,0.537,40.514,0.542,59.206,0.000,0.000,0.000,0.000,0.000,0.000,0.000,0.000,0.000,0.000,0.000,0.000,0.000,0.000,0.000,0.000,0.000,0.000,0.000,0.000,0.000,0.000,0.000,0.000,0.000,0.000,0.000,0.000,28.303,28.303
BUFx24_ASAP7_75t_R,6.998,19802.100,1,1,1.498,0.000,0.000,0.000,0.000,28.303,0.367,36.050,0.367,48.259,0.370,71.600,0.000,0.000,0.000,0.000,0.000,0.000,0.000,0.000,0.000,0.000,0.000,0.000,0.000,0.000,0.000,0.000,0.000,0.000,0.000,0.000,0.000,0.000,0.000,0.000,0.000,0.000,0.000,0.000,28.303,28.303
BUFx2_ASAP7_75t_R,1.166,1885.890,1,1,0.301,0.000,0.000,0.000,0.000,28.303,0.856,28.686,0.857,37.881,0.866,54.695,0.000,0.000,0.000,0.000,0.000,0.000,0.000,0.000,0.000,0.000,0.000,0.000,0.000,0.000,0.000,0.000,0.000,0.000,0.000,0.000,0.000,0.000,0.000,0.000,0.000,0.000,0.000,0.000,28.303,28.303
BUFx3_ASAP7_75t_R,1.400,2828.840,1,1,0.398,0.000,0.000,0.000,0.000,28.303,0.751,28.386,0.752,37.566,0.755,54.419,0.000,0.000,0.000,0.000,0.000,0.000,0.000,0.000,0.000,0.000,0.000,0.000,0.000,0.000,0.000,0.000,0.000,0.000,0.000,0.000,0.000,0.000,0.000,0.000,0.000,0.000,0.000,0.000,28.303,28.303
BUFx4_ASAP7_75t_R,1.633,3300.350,1,1,0.301,0.000,0.000,0.000,0.000,28.303,0.433,36.101,0.435,48.404,0.440,71.765,0.000,0.000,0.000,0.000,0.000,0.000,0.000,0.000,0.000,0.000,0.000,0.000,0.000,0.000,0.000,0.000,0.000,0.000,0.000,0.000,0.000,0.000,0.000,0.000,0.000,0.000,0.000,0.000,28.303,28.303
BUFx4f_ASAP7_75t_R,1.866,3771.790,1,1,0.575,0.000,0.000,0.000,0.000,28.303,0.816,27.973,0.819,36.969,0.826,53.359,0.000,0.000,0.000,0.000,0.000,0.000,0.000,0.000,0.000,0.000,0.000,0.000,0.000,0.000,0.000,0.000,0.000,0.000,0.000,0.000,0.000,0.000,0.000,0.000,0.000,0.000,0.000,0.000,28.303,28.303
BUFx5_ASAP7_75t_R,1.866,4243.300,1,1,0.398,0.000,0.000,0.000,0.000,28.303,0.459,32.852,0.461,44.139,0.469,65.080,0.000,0.000,0.000,0.000,0.000,0.000,0.000,0.000,0.000,0.000,0.000,0.000,0.000,0.000,0.000,0.000,0.000,0.000,0.000,0.000,0.000,0.000,0.000,0.000,0.000,0.000,0.000,0.000,28.303,28.303
BUFx6f_ASAP7_75t_R,2.333,5657.680,1,1,0.758,0.000,0.000,0.000,0.000,28.303,0.716,27.850,0.717,36.827,0.719,53.360,0.000,0.000,0.000,0.000,0.000,0.000,0.000,0.000,0.000,0.000,0.000,0.000,0.000,0.000,0.000,0.000,0.000,0.000,0.000,0.000,0.000,0.000,0.000,0.000,0.000,0.000,0.000,0.000,28.303,28.303
BUFx8_ASAP7_75t_R,2.799,6600.700,1,1,0.569,0.000,0.000,0.000,0.000,28.303,0.410,35.369,0.411,47.504,0.416,70.465,0.000,0.000,0.000,0.000,0.000,0.000,0.000,0.000,0.000,0.000,0.000,0.000,0.000,0.000,0.000,0.000,0.000,0.000,0.000,0.000,0.000,0.000,0.000,0.000,0.000,0.000,0.000,0.000,28.303,28.303
HB1xp67_ASAP7_75t_R,0.933,707.203,1,1,0.200,0.000,0.000,0.000,0.000,28.303,1.709,29.058,1.718,37.342,1.744,52.428,0.000,0.000,0.000,0.000,0.000,0.000,0.000,0.000,0.000,0.000,0.000,0.000,0.000,0.000,0.000,0.000,0.000,0.000,0.000,0.000,0.000,0.000,0.000,0.000,0.000,0.000,0.000,0.000,28.303,28.303
HB2xp67_ASAP7_75t_R,1.166,561.727,1,1,0.350,0.000,0.000,0.000,0.000,28.303,3.044,43.715,3.062,56.187,3.145,79.865,0.000,0.000,0.000,0.000,0.000,0.000,0.000,0.000,0.000,0.000,0.000,0.000,0.000,0.000,0.000,0.000,0.000,0.000,0.000,0.000,0.000,0.000,0.000,0.000,0.000,0.000,0.000,0.000,28.303,28.303
HB3xp67_ASAP7_75t_R,1.400,528.427,1,1,0.499,0.000,0.000,0.000,0.000,28.303,4.487,58.831,4.499,73.487,4.638,104.563,0.000,0.000,0.000,0.000,0.000,0.000,0.000,0.000,0.000,0.000,0.000,0.000,0.000,0.000,0.000,0.000,0.000,0.000,0.000,0.000,0.000,0.000,0.000,0.000,0.000,0.000,0.000,0.000,28.303,28.303
HB4xp67_ASAP7_75t_R,1.633,513.731,1,1,0.646,0.000,0.000,0.000,0.000,28.303,6.018,75.594,6.024,90.673,6.203,127.683,0.000,0.000,0.000,0.000,0.000,0.000,0.000,0.000,0.000,0.000,0.000,0.000,0.000,0.000,0.000,0.000,0.000,0.000,0.000,0.000,0.000,0.000,0.000,0.000,0.000,0.000,0.000,0.000,28.303,28.303
INVx11_ASAP7_75t_R,3.033,7778.690,1,1,4.051,0.000,0.000,0.000,0.000,13.235,2.192,16.079,2.428,19.781,3.274,27.252,0.000,0.000,0.000,0.000,0.000,0.000,0.000,0.000,0.000,0.000,0.000,0.000,0.000,0.000,0.000,0.000,0.000,0.000,0.000,0.000,0.000,0.000,0.000,0.000,0.000,0.000,0.000,0.000,13.235,13.235
INVx13_ASAP7_75t_R,3.499,9193.000,1,1,4.780,0.000,0.000,0.000,0.000,13.235,2.126,18.437,2.239,22.861,2.701,30.769,0.000,0.000,0.000,0.000,0.000,0.000,0.000,0.000,0.000,0.000,0.000,0.000,0.000,0.000,0.000,0.000,0.000,0.000,0.000,0.000,0.000,0.000,0.000,0.000,0.000,0.000,0.000,0.000,13.235,13.235
INVx1_ASAP7_75t_R,0.700,707.154,1,1,0.397,0.000,0.000,0.000,0.000,13.235,2.294,16.998,2.464,21.004,3.106,28.704,0.000,0.000,0.000,0.000,0.000,0.000,0.000,0.000,0.000,0.000,0.000,0.000,0.000,0.000,0.000,0.000,0.000,0.000,0.000,0.000,0.000,0.000,0.000,0.000,0.000,0.000,0.000,0.000,13.235,13.235
INVx2_ASAP7_75t_R,0.933,1414.310,1,1,0.756,0.000,0.000,0.000,0.000,13.235,2.186,16.651,2.346,20.654,2.956,28.175,0.000,0.000,0.000,0.000,0.000,0.000,0.000,0.000,0.000,0.000,0.000,0.000,0.000,0.000,0.000,0.000,0.000,0.000,0.000,0.000,0.000,0.000,0.000,0.000,0.000,0.000,0.000,0.000,13.235,13.235
INVx3_ASAP7_75t_R,1.166,2121.460,1,1,1.127,0.000,0.000,0.000,0.000,13.235,2.144,17.974,2.248,22.326,2.682,30.468,0.000,0.000,0.000,0.000,0.000,0.000,0.000,0.000,0.000,0.000,0.000,0.000,0.000,0.000,0.000,0.000,0.000,0.000,0.000,0.000,0.000,0.000,0.000,0.000,0.000,0.000,0.000,0.000,13.235,13.235
INVx4_ASAP7_75t_R,1.400,2828.620,1,1,1.488,0.000,0.000,0.000,0.000,13.235,2.155,16.587,2.310,20.524,2.913,28.084,0.000,0.000,0.000,0.000,0.000,0.000,0.000,0.000,0.000,0.000,0.000,0.000,0.000,0.000,0.000,0.000,0.000,0.000,0.000,0.000,0.000,0.000,0.000,0.000,0.000,0.000,0.000,0.000,13.235,13.235
INVx5_ASAP7_75t_R,1.633,3535.770,1,1,1.859,0.000,0.000,0.000,0.000,13.235,2.186,15.781,2.397,19.464,3.175,26.886,0.000,0.000,0.000,0.000,0.000,0.000,0.000,0.000,0.000,0.000,0.000,0.000,0.000,0.000,0.000,0.000,0.000,0.000,0.000,0.000,0.000,0.000,0.000,0.000,0.000,0.000,0.000,0.000,13.235,13.235
INVx6_ASAP7_75t_R,1.866,4242.920,1,1,2.219,0.000,0.000,0.000,0.000,13.235,2.115,17.975,2.220,22.344,2.642,30.382,0.000,0.000,0.000,0.000,0.000,0.000,0.000,0.000,0.000,0.000,0.000,0.000,0.000,0.000,0.000,0.000,0.000,0.000,0.000,0.000,0.000,0.000,0.000,0.000,0.000,0.000,0.000,0.000,13.235,13.235
INVx8_ASAP7_75t_R,2.333,5657.230,1,1,2.950,0.000,0.000,0.000,0.000,13.235,2.144,16.881,2.298,20.843,2.892,28.375,0.000,0.000,0.000,0.000,0.000,0.000,0.000,0.000,0.000,0.000,0.000,0.000,0.000,0.000,0.000,0.000,0.000,0.000,0.000,0.000,0.000,0.000,0.000,0.000,0.000,0.000,0.000,0.000,13.235,13.235
INVxp33_ASAP7_75t_R,0.700,235.718,1,1,0.196,0.000,0.000,0.000,0.000,13.235,3.448,19.826,3.798,24.188,5.099,33.659,0.000,0.000,0.000,0.000,0.000,0.000,0.000,0.000,0.000,0.000,0.000,0.000,0.000,0.000,0.000,0.000,0.000,0.000,0.000,0.000,0.000,0.000,0.000,0.000,0.000,0.000,0.000,0.000,13.235,13.235
INVxp67_ASAP7_75t_R,0.700,471.436,1,1,0.291,0.000,0.000,0.000,0.000,13.235,2.563,16.811,2.834,20.632,3.812,28.701,0.000,0.000,0.000,0.000,0.000,0.000,0.000,0.000,0.000,0.000,0.000,0.000,0.000,0.000,0.000,0.000,0.000,0.000,0.000,0.000,0.000,0.000,0.000,0.000,0.000,0.000,0.000,0.000,13.235,13.235
AND2x2_ASAP7_75t_R,1.400,2258.450,2,1,0.342,0.343,0.000,0.000,0.000,24.278,0.975,30.535,0.978,39.383,0.989,55.933,23.507,0.976,30.302,0.980,39.354,0.991,56.002,0.000,0.000,0.000,0.000,0.000,0.000,0.000,0.000,0.000,0.000,0.000,0.000,0.000,0.000,0.000,0.000,0.000,0.000,0.000,0.000,0.000,47.785,23.892
AND2x4_ASAP7_75t_R,2.333,4516.890,2,1,0.683,0.647,0.000,0.000,0.000,24.278,0.973,29.877,0.977,38.554,0.988,54.707,23.507,0.921,29.518,0.924,38.358,0.934,54.683,0.000,0.000,0.000,0.000,0.000,0.000,0.000,0.000,0.000,0.000,0.000,0.000,0.000,0.000,0.000,0.000,0.000,0.000,0.000,0.000,0.000,47.785,23.892
AND2x6_ASAP7_75t_R,2.799,6185.340,2,1,0.683,0.647,0.000,0.000,0.000,24.278,0.650,34.152,0.651,44.325,0.656,63.791,23.507,0.616,34.099,0.617,44.829,0.620,64.865,0.000,0.000,0.000,0.000,0.000,0.000,0.000,0.000,0.000,0.000,0.000,0.000,0.000,0.000,0.000,0.000,0.000,0.000,0.000,0.000,0.000,47.785,23.892
AND3x1_ASAP7_75t_R,1.400,1507.790,3,1,0.387,0.375,0.393,0.000,0.000,24.652,2.194,29.314,2.205,36.307,2.225,49.413,25.828,2.127,29.882,2.136,36.824,2.160,49.994,26.597,2.230,30.477,2.239,37.129,2.265,49.677,0.000,0.000,0.000,0.000,0.000,0.000,0.000,0.000,0.000,0.000,0.000,0.000,0.000,0.000,77.078,25.693
AND3x2_ASAP7_75t_R,1.633,2405.480,3,1,0.387,0.390,0.392,0.000,0.000,24.652,1.106,31.937,1.110,40.836,1.119,57.487,25.828,1.115,32.437,1.119,40.946,1.133,57.249,26.597,1.123,32.522,1.127,40.446,1.141,55.626,0.000,0.000,0.000,0.000,0.000,0.000,0.000,0.000,0.000,0.000,0.000,0.000,0.000,0.000,77.078,25.693
AND3x4_ASAP7_75t_R,3.732,4450.320,3,1,0.597,0.609,0.593,0.000,0.000,24.652,0.859,34.418,0.864,44.589,0.874,63.651,25.828,0.876,35.661,0.879,45.702,0.892,64.818,26.597,0.855,36.038,0.857,45.675,0.868,64.410,0.000,0.000,0.000,0.000,0.000,0.000,0.000,0.000,0.000,0.000,0.000,0.000,0.000,0.000,77.078,25.693
AND4x1_ASAP7_75t_R,1.633,1383.390,4,1,0.389,0.373,0.373,0.369,0.000,25.004,2.223,31.598,2.232,38.996,2.254,52.967,26.651,2.132,32.417,2.141,39.737,2.168,53.880,27.924,2.130,33.125,2.139,40.191,2.166,53.774,28.690,2.107,33.430,2.117,40.203,2.143,52.969,0.000,0.000,0.000,0.000,0.000,0.000,0.000,108.268,27.067
AND4x2_ASAP7_75t_R,3.732,2525.740,4,1,0.616,0.598,0.600,0.619,0.000,25.004,1.763,31.971,1.771,40.208,1.792,55.520,26.651,1.712,34.060,1.721,42.648,1.744,58.590,27.924,1.718,35.453,1.726,44.109,1.749,60.290,28.690,1.775,36.420,1.782,45.057,1.805,61.206,0.000,0.000,0.000,0.000,0.000,0.000,0.000,108.268,27.067
AND5x1_ASAP7_75t_R,1.866,1223.550,5,1,0.336,0.328,0.326,0.325,0.322,26.893,1.933,33.873,1.939,42.207,1.963,58.033,29.196,1.886,35.568,1.896,43.917,1.922,59.977,30.960,1.876,36.881,1.885,45.154,1.910,61.058,32.241,1.874,37.838,1.883,45.987,1.908,61.417,32.817,1.861,38.339,1.865,46.325,1.891,61.239,152.107,30.421
AND5x2_ASAP7_75t_R,4.666,2396.640,5,1,0.598,0.596,0.586,0.590,0.582,26.893,1.723,34.177,1.732,42.933,1.752,59.549,29.196,1.720,36.669,1.728,45.643,1.755,62.676,30.960,1.691,38.435,1.698,47.427,1.725,64.635,32.241,1.707,39.836,1.715,48.822,1.740,65.915,32.817,1.687,40.297,1.692,49.284,1.715,66.167,152.107,30.421
FAx1_ASAP7_75t_R,3.266,2874.050,3,2,1.327,1.386,1.004,0.000,0.000,51.165,14.308,57.257,14.490,64.484,15.526,79.333,53.392,14.916,60.918,15.113,70.359,16.468,88.851,42.112,10.843,49.700,10.998,58.559,12.023,74.944,0.000,0.000,0.000,0.000,0.000,0.000,0.000,0.000,0.000,0.000,0.000,0.000,0.000,0.000,146.670,48.890
HAxp5_ASAP7_75t_R,2.100,1876.750,2,2,0.697,0.622,0.000,0.000,0.000,28.075,6.495,34.413,6.851,41.691,8.486,57.174,26.025,5.826,32.596,6.216,39.682,7.933,55.177,0.000,0.000,0.000,0.000,0.000,0.000,0.000,0.000,0.000,0.000,0.000,0.000,0.000,0.000,0.000,0.000,0.000,0.000,0.000,0.000,0.000,54.099,27.050
MAJIxp5_ASAP7_75t_R,1.633,1275.830,3,1,0.373,0.744,0.669,0.000,0.000,20.575,4.107,25.853,4.344,31.276,5.341,42.645,31.983,8.161,37.987,8.590,44.509,10.465,59.766,29.473,7.319,34.134,7.642,39.281,8.996,50.625,0.000,0.000,0.000,0.000,0.000,0.000,0.000,0.000,0.000,0.000,0.000,0.000,0.000,0.000,82.032,27.344
MAJx2_ASAP7_75t_R,2.100,2690.630,3,1,0.373,0.752,0.661,0.000,0.000,29.731,1.073,35.152,1.077,44.925,1.090,63.190,33.804,2.161,39.656,2.168,49.753,2.191,69.087,32.168,1.897,36.463,1.904,44.422,1.927,60.109,0.000,0.000,0.000,0.000,0.000,0.000,0.000,0.000,0.000,0.000,0.000,0.000,0.000,0.000,95.703,31.901
MAJx3_ASAP7_75t_R,2.333,3398.030,3,1,0.373,0.752,0.661,0.000,0.000,29.731,0.714,39.916,0.715,51.062,0.721,72.751,33.804,1.439,43.471,1.441,54.835,1.453,77.326,32.168,1.264,40.439,1.266,49.331,1.277,67.420,0.000,0.000,0.000,0.000,0.000,0.000,0.000,0.000,0.000,0.000,0.000,0.000,0.000,0.000,95.703,31.901
NAND2x1_ASAP7_75t_R,1.400,1019.890,2,1,0.603,0.613,0.000,0.000,0.000,17.674,3.317,22.252,3.505,27.109,4.295,36.399,16.947,3.407,20.583,3.651,24.912,4.595,33.735,0.000,0.000,0.000,0.000,0.000,0.000,0.000,0.000,0.000,0.000,0.000,0.000,0.000,0.000,0.000,0.000,0.000,0.000,0.000,0.000,0.000,34.621,17.311
NAND2x1p5_ASAP7_75t_R,1.866,1609.880,2,1,0.913,0.933,0.000,0.000,0.000,17.674,3.142,21.886,3.274,26.903,3.847,36.115,16.947,3.226,20.950,3.401,25.291,4.092,33.897,0.000,0.000,0.000,0.000,0.000,0.000,0.000,0.000,0.000,0.000,0.000,0.000,0.000,0.000,0.000,0.000,0.000,0.000,0.000,0.000,0.000,34.621,17.311
NAND2x2_ASAP7_75t_R,2.333,2039.770,2,1,1.236,1.266,0.000,0.000,0.000,17.674,3.401,22.847,3.596,27.878,4.392,37.300,16.947,3.522,20.938,3.770,25.236,4.741,34.046,0.000,0.000,0.000,0.000,0.000,0.000,0.000,0.000,0.000,0.000,0.000,0.000,0.000,0.000,0.000,0.000,0.000,0.000,0.000,0.000,0.000,34.621,17.311
NAND2xp33_ASAP7_75t_R,0.933,339.962,2,1,0.245,0.243,0.000,0.000,0.000,17.674,4.077,23.859,4.401,29.048,5.691,39.633,16.947,4.113,22.371,4.514,27.087,6.025,37.406,0.000,0.000,0.000,0.000,0.000,0.000,0.000,0.000,0.000,0.000,0.000,0.000,0.000,0.000,0.000,0.000,0.000,0.000,0.000,0.000,0.000,34.621,17.311
NAND2xp5_ASAP7_75t_R,0.933,589.999,2,1,0.340,0.344,0.000,0.000,0.000,17.674,3.202,20.736,3.430,25.383,4.347,34.509,16.947,3.274,19.826,3.551,24.059,4.635,32.917,0.000,0.000,0.000,0.000,0.000,0.000,0.000,0.000,0.000,0.000,0.000,0.000,0.000,0.000,0.000,0.000,0.000,0.000,0.000,0.000,0.000,34.621,17.311
NAND2xp67_ASAP7_75t_R,1.400,679.924,2,1,0.466,0.468,0.000,0.000,0.000,17.674,3.882,23.689,4.187,28.867,5.419,39.126,16.947,3.961,21.781,4.352,26.438,5.805,36.591,0.000,0.000,0.000,0.000,0.000,0.000,0.000,0.000,0.000,0.000,0.000,0.000,0.000,0.000,0.000,0.000,0.000,0.000,0.000,0.000,0.000,34.621,17.311
NAND3x1_ASAP7_75t_R,2.566,1108.900,3,1,0.815,0.792,0.781,0.000,0.000,19.073,4.481,23.951,4.780,28.578,5.987,38.383,20.647,4.315,26.507,4.546,32.094,5.541,42.573,21.381,4.224,27.957,4.394,34.407,5.204,45.850,0.000,0.000,0.000,0.000,0.000,0.000,0.000,0.000,0.000,0.000,0.000,0.000,0.000,0.000,61.101,20.367
NAND3x2_ASAP7_75t_R,4.666,2217.800,3,1,1.683,1.673,1.558,0.000,0.000,19.073,4.627,24.662,4.943,29.386,6.168,39.658,20.647,4.561,27.491,4.807,33.199,5.844,44.105,21.381,4.212,28.289,4.384,34.751,5.188,46.301,0.000,0.000,0.000,0.000,0.000,0.000,0.000,0.000,0.000,0.000,0.000,0.000,0.000,0.000,61.101,20.367
NAND3xp33_ASAP7_75t_R,1.166,489.864,3,1,0.335,0.331,0.329,0.000,0.000,19.073,4.033,21.511,4.619,26.417,6.573,37.438,20.647,3.900,23.073,4.395,28.173,6.092,39.396,21.381,3.833,23.877,4.231,29.234,5.700,40.056,0.000,0.000,0.000,0.000,0.000,0.000,0.000,0.000,0.000,0.000,0.000,0.000,0.000,0.000,61.101,20.367
NAND4xp25_ASAP7_75t_R,1.400,373.625,4,1,0.336,0.327,0.321,0.340,0.000,20.111,4.660,24.845,5.177,30.253,7.054,42.436,21.572,4.478,26.378,4.922,32.061,6.547,44.295,22.530,4.369,27.547,4.737,33.315,6.151,45.295,23.370,4.597,28.916,4.919,34.851,6.238,46.690,0.000,0.000,0.000,0.000,0.000,0.000,0.000,87.584,21.896
NAND4xp75_ASAP7_75t_R,3.266,1120.870,4,1,0.949,0.942,0.944,0.950,0.000,20.111,4.351,23.923,4.705,28.865,6.057,39.452,21.572,4.290,26.075,4.593,31.400,5.796,42.341,22.530,4.279,27.522,4.531,33.096,5.605,43.981,23.370,4.293,28.345,4.510,34.045,5.459,44.860,0.000,0.000,0.000,0.000,0.000,0.000,0.000,87.584,21.896
NAND5xp2_ASAP7_75t_R,1.633,278.288,5,1,0.336,0.328,0.326,0.325,0.319,22.951,5.287,27.857,5.761,33.623,7.523,46.443,24.514,5.135,29.658,5.539,35.639,7.103,48.583,25.883,5.080,31.143,5.423,37.239,6.825,49.977,26.770,5.049,32.252,5.340,38.476,6.597,50.857,26.924,4.952,32.582,5.205,38.882,6.301,51.211,127.042,25.408
NOR2x1_ASAP7_75t_R,1.400,1352.520,2,1,0.615,0.624,0.000,0.000,0.000,18.623,3.509,22.323,3.713,27.006,4.514,36.028,17.752,3.587,20.797,3.832,24.995,4.756,33.819,0.000,0.000,0.000,0.000,0.000,0.000,0.000,0.000,0.000,0.000,0.000,0.000,0.000,0.000,0.000,0.000,0.000,0.000,0.000,0.000,0.000,36.375,18.188
NOR2x1p5_ASAP7_75t_R,1.866,2066.760,2,1,0.926,0.945,0.000,0.000,0.000,18.623,3.360,22.288,3.505,26.965,4.086,35.925,17.752,3.443,21.417,3.610,25.719,4.282,34.280,0.000,0.000,0.000,0.000,0.000,0.000,0.000,0.000,0.000,0.000,0.000,0.000,0.000,0.000,0.000,0.000,0.000,0.000,0.000,0.000,0.000,36.375,18.188
NOR2x2_ASAP7_75t_R,2.333,2705.040,2,1,1.256,1.284,0.000,0.000,0.000,18.623,3.589,23.048,3.797,27.713,4.612,36.929,17.752,3.697,21.273,3.945,25.534,4.896,34.323,0.000,0.000,0.000,0.000,0.000,0.000,0.000,0.000,0.000,0.000,0.000,0.000,0.000,0.000,0.000,0.000,0.000,0.000,0.000,0.000,0.000,36.375,18.188
NOR2xp33_ASAP7_75t_R,0.933,450.840,2,1,0.248,0.246,0.000,0.000,0.000,18.623,4.302,24.191,4.644,29.108,5.960,39.648,17.752,4.318,22.862,4.713,27.505,6.212,37.581,0.000,0.000,0.000,0.000,0.000,0.000,0.000,0.000,0.000,0.000,0.000,0.000,0.000,0.000,0.000,0.000,0.000,0.000,0.000,0.000,0.000,36.375,18.188
NOR2xp67_ASAP7_75t_R,1.400,901.680,2,1,0.474,0.481,0.000,0.000,0.000,18.623,4.110,23.966,4.432,28.880,5.696,39.038,17.752,4.213,22.215,4.609,26.753,6.072,36.835,0.000,0.000,0.000,0.000,0.000,0.000,0.000,0.000,0.000,0.000,0.000,0.000,0.000,0.000,0.000,0.000,0.000,0.000,0.000,0.000,0.000,36.375,18.188
NOR3x1_ASAP7_75t_R,2.566,1710.400,3,1,0.845,0.821,0.819,0.000,0.000,20.540,4.862,24.875,5.163,29.387,6.345,39.177,22.288,4.690,27.420,4.929,32.556,5.942,43.041,22.879,4.654,29.008,4.844,34.662,5.716,45.336,0.000,0.000,0.000,0.000,0.000,0.000,0.000,0.000,0.000,0.000,0.000,0.000,0.000,0.000,65.706,21.902
NOR3x2_ASAP7_75t_R,4.666,3420.800,3,1,1.719,1.712,1.598,0.000,0.000,20.540,4.944,25.251,5.245,29.907,6.448,39.844,22.288,4.889,28.204,5.144,33.443,6.190,44.144,22.879,4.542,28.925,4.724,34.682,5.570,45.432,0.000,0.000,0.000,0.000,0.000,0.000,0.000,0.000,0.000,0.000,0.000,0.000,0.000,0.000,65.706,21.902
NOR3xp33_ASAP7_75t_R,1.166,627.508,3,1,0.338,0.334,0.333,0.000,0.000,20.540,4.726,23.598,5.268,28.480,7.110,39.457,22.288,4.612,25.177,5.087,30.119,6.694,41.248,22.879,4.552,26.049,4.964,31.014,6.372,41.596,0.000,0.000,0.000,0.000,0.000,0.000,0.000,0.000,0.000,0.000,0.000,0.000,0.000,0.000,65.706,21.902
NOR4xp25_ASAP7_75t_R,1.400,509.074,4,1,0.339,0.330,0.325,0.343,0.000,23.012,5.746,28.247,6.227,33.571,7.924,45.519,25.247,5.567,30.094,5.989,35.448,7.460,47.476,26.519,5.455,31.375,5.820,36.647,7.120,48.019,27.464,5.749,32.911,6.089,38.290,7.337,49.089,0.000,0.000,0.000,0.000,0.000,0.000,0.000,102.242,25.560
NOR4xp75_ASAP7_75t_R,3.266,1527.220,4,1,0.958,0.952,0.955,0.961,0.000,23.012,5.364,27.009,5.685,31.929,6.919,42.332,25.247,5.312,29.506,5.603,34.460,6.707,45.326,26.519,5.314,31.163,5.571,36.129,6.569,46.603,27.464,5.346,31.932,5.568,37.120,6.484,47.025,0.000,0.000,0.000,0.000,0.000,0.000,0.000,102.242,25.560
NOR5xp2_ASAP7_75t_R,1.633,403.768,5,1,0.340,0.332,0.329,0.328,0.323,27.440,6.800,32.879,7.220,38.527,8.790,51.259,29.912,6.613,34.798,6.994,40.447,8.377,53.403,31.776,6.553,36.703,6.888,42.206,8.139,54.558,32.915,6.529,37.987,6.831,43.556,7.976,55.102,33.074,6.431,38.282,6.697,44.021,7.739,54.861,155.117,31.023
OR2x2_ASAP7_75t_R,1.400,1874.850,2,1,0.362,0.343,0.000,0.000,0.000,27.876,1.035,31.584,1.038,40.048,1.049,56.156,27.270,0.977,30.872,0.981,39.835,0.989,56.449,0.000,0.000,0.000,0.000,0.000,0.000,0.000,0.000,0.000,0.000,0.000,0.000,0.000,0.000,0.000,0.000,0.000,0.000,0.000,0.000,0.000,55.146,27.573
OR2x4_ASAP7_75t_R,1.866,3035.460,2,1,0.362,0.343,0.000,0.000,0.000,27.876,0.526,39.439,0.528,50.236,0.535,71.464,27.270,0.497,38.938,0.498,50.778,0.504,73.654,0.000,0.000,0.000,0.000,0.000,0.000,0.000,0.000,0.000,0.000,0.000,0.000,0.000,0.000,0.000,0.000,0.000,0.000,0.000,0.000,0.000,55.146,27.573
OR2x6_ASAP7_75t_R,2.799,4910.310,2,1,0.717,0.675,0.000,0.000,0.000,27.876,0.684,35.447,0.684,46.069,0.689,66.042,27.270,0.644,35.415,0.645,45.258,0.649,64.226,0.000,0.000,0.000,0.000,0.000,0.000,0.000,0.000,0.000,0.000,0.000,0.000,0.000,0.000,0.000,0.000,0.000,0.000,0.000,0.000,0.000,55.146,27.573
OR3x1_ASAP7_75t_R,1.400,1201.730,3,1,0.380,0.377,0.395,0.000,0.000,28.891,2.170,30.563,2.179,37.685,2.196,51.157,30.296,2.156,31.568,2.166,38.397,2.190,51.715,31.145,2.256,32.342,2.265,38.668,2.292,50.972,0.000,0.000,0.000,0.000,0.000,0.000,0.000,0.000,0.000,0.000,0.000,0.000,0.000,0.000,90.332,30.111
OR3x2_ASAP7_75t_R,1.633,1718.570,3,1,0.393,0.392,0.394,0.000,0.000,28.891,1.136,34.077,1.139,43.029,1.150,59.984,30.296,1.133,34.953,1.136,43.299,1.150,59.508,31.145,1.138,35.312,1.142,42.858,1.156,57.627,0.000,0.000,0.000,0.000,0.000,0.000,0.000,0.000,0.000,0.000,0.000,0.000,0.000,0.000,90.332,30.111
OR3x4_ASAP7_75t_R,2.100,2752.260,3,1,0.392,0.391,0.394,0.000,0.000,28.891,0.581,43.039,0.582,54.135,0.588,76.844,30.296,0.580,43.875,0.581,54.060,0.588,75.042,31.145,0.583,44.118,0.584,53.296,0.592,72.066,0.000,0.000,0.000,0.000,0.000,0.000,0.000,0.000,0.000,0.000,0.000,0.000,0.000,0.000,90.332,30.111
OR4x1_ASAP7_75t_R,1.633,1032.940,4,1,0.386,0.378,0.388,0.370,0.000,29.316,2.231,34.065,2.240,41.761,2.261,56.355,31.263,2.185,35.587,2.194,42.816,2.220,57.220,32.677,2.242,36.838,2.251,43.509,2.281,57.011,33.006,2.143,37.036,2.149,43.446,2.178,55.611,0.000,0.000,0.000,0.000,0.000,0.000,0.000,126.262,31.565
OR4x2_ASAP7_75t_R,1.866,1518.030,4,1,0.385,0.378,0.388,0.369,0.000,29.316,1.132,37.791,1.133,46.999,1.145,65.050,31.263,1.110,39.192,1.111,47.795,1.125,65.054,32.677,1.139,40.311,1.141,48.119,1.156,64.010,33.006,1.087,40.564,1.089,47.932,1.102,62.187,0.000,0.000,0.000,0.000,0.000,0.000,0.000,126.262,31.565
OR5x1_ASAP7_75t_R,1.866,872.945,5,1,0.339,0.331,0.329,0.328,0.325,32.078,1.980,36.226,1.986,44.595,2.007,60.572,34.907,1.938,38.646,1.944,46.643,1.969,62.598,36.961,1.927,40.502,1.934,48.182,1.961,63.410,38.281,1.924,41.876,1.930,49.309,1.959,63.586,38.859,1.911,42.437,1.915,49.814,1.942,63.168,181.086,36.217
OR5x2_ASAP7_75t_R,2.100,1342.120,5,1,0.338,0.330,0.329,0.328,0.325,32.078,1.008,41.966,1.010,51.962,1.020,72.002,34.907,0.987,44.266,0.989,53.736,1.002,73.110,36.961,0.982,46.111,0.984,54.978,0.998,73.136,38.281,0.983,47.305,0.984,55.802,0.997,72.732,38.859,0.974,47.922,0.976,56.191,0.987,71.900,181.086,36.217
XNOR2x1_ASAP7_75t_R,2.799,3323.610,2,1,1.052,1.106,0.000,0.000,0.000,35.901,5.470,40.871,5.582,49.507,6.445,66.841,35.299,5.792,41.117,5.879,49.239,6.604,65.834,0.000,0.000,0.000,0.000,0.000,0.000,0.000,0.000,0.000,0.000,0.000,0.000,0.000,0.000,0.000,0.000,0.000,0.000,0.000,0.000,0.000,71.200,35.600
XNOR2x2_ASAP7_75t_R,2.566,3279.930,2,1,0.685,0.612,0.000,0.000,0.000,35.901,1.958,43.462,1.958,50.699,1.974,66.013,35.299,1.748,42.795,1.751,50.169,1.764,66.356,0.000,0.000,0.000,0.000,0.000,0.000,0.000,0.000,0.000,0.000,0.000,0.000,0.000,0.000,0.000,0.000,0.000,0.000,0.000,0.000,0.000,71.200,35.600
XNOR2xp5_ASAP7_75t_R,2.100,1876.750,2,1,0.700,0.646,0.000,0.000,0.000,35.901,7.502,43.009,7.668,50.137,8.691,64.329,35.299,6.883,41.182,7.087,47.811,8.297,61.562,0.000,0.000,0.000,0.000,0.000,0.000,0.000,0.000,0.000,0.000,0.000,0.000,0.000,0.000,0.000,0.000,0.000,0.000,0.000,0.000,0.000,71.200,35.600
XOR2x1_ASAP7_75t_R,2.799,3092.010,2,1,1.106,1.053,0.000,0.000,0.000,35.636,5.593,41.952,5.711,49.946,6.508,66.633,35.362,5.321,41.684,5.459,50.358,6.420,68.148,0.000,0.000,0.000,0.000,0.000,0.000,0.000,0.000,0.000,0.000,0.000,0.000,0.000,0.000,0.000,0.000,0.000,0.000,0.000,0.000,0.000,70.999,35.499
XOR2x2_ASAP7_75t_R,2.566,3291.500,2,1,0.610,0.686,0.000,0.000,0.000,35.636,1.752,41.802,1.756,51.051,1.767,68.648,35.362,1.968,42.503,1.973,51.175,1.988,67.979,0.000,0.000,0.000,0.000,0.000,0.000,0.000,0.000,0.000,0.000,0.000,0.000,0.000,0.000,0.000,0.000,0.000,0.000,0.000,0.000,0.000,70.999,35.499
XOR2xp5_ASAP7_75t_R,2.100,1865.130,2,1,0.704,0.655,0.000,0.000,0.000,35.636,7.353,43.311,7.543,50.606,8.664,66.219,35.362,6.844,41.905,7.096,49.498,8.449,64.913,0.000,0.000,0.000,0.000,0.000,0.000,0.000,0.000,0.000,0.000,0.000,0.000,0.000,0.000,0.000,0.000,0.000,0.000,0.000,0.000,0.000,70.999,35.499
